matrix,Mean_sample_sums,n_samples
manure,26522.666666666668,6
soil,18421.493781094527,804
